{
  "$id": "Emitter:RadialBurst@1.0.0",
  "title": "Emitter:RadialBurst",
  "type": "object",
  "required": ["type"],
  "properties": {
    "type": { "const": "Emitter:RadialBurst@1.0.0" },
    "projectiles": { "type": "integer", "minimum": 1, "maximum": 360, "default": 12 },
    "speed": { "type": "number", "minimum": 0.1, "maximum": 100, "default": 8 },
    "limits": {
      "type": "object",
      "properties": {
        "maxProjectiles": { "type": "integer", "minimum": 1 },
        "cpuMs": { "type": "number", "minimum": 0 }
      },
      "additionalProperties": false
    }
  },
  "additionalProperties": false
} 