{
  "dbInfo": {
    "host": "127.0.0.1", //144.217.80.74
    "port": "1985", //1985 - 6379
    "auth": "2NSVsRREv3FYXPGm", //2NSVsRREv3FYXPGm - none
    "index": "0"
  },
  "serverInfo": {
    "type": "World",
    "name": "Aldragine",
    "address": "144.217.80.74", //144.217.80.74 - 127.0.0.1
    "port": "2050",
    "coordinates": {
      "latitude": "0",
      "longitude": "0"
    },
    "adminOnly": "false"
  },
  "serverSettings": {
    "logFolder": "./logs",
    "resourceFolder": "./resources",
    "version": "75.A7",
    "tps": "5",
    "mode": "Single",
    "key": "BA15DE",
    "maxConnections": "300",
    "maxPlayers": "200",
    "maxPlayersWithPriority": "200",
    "enablePets": "false",
    "enableMarket": "true"
  }
}
