{
  "meta": {
    "image": "assets/images/Oryx/8-Bit_Remaster_World.png",
    "imageW": 276,
    "imageH": 132
  },
  "sprites": [
    {
      "name": "8-Bit_Remaster_World_sprite_0_0",
      "group": "auto",
      "row": 0,
      "col": 0,
      "width": 12,
      "height": 12
    },
    {
      "name": "8-Bit_Remaster_World_sprite_0_1",
      "group": "auto",
      "row": 0,
      "col": 1,
      "width": 12,
      "height": 12
    },
    {
      "name": "8-Bit_Remaster_World_sprite_0_2",
      "group": "auto",
      "row": 0,
      "col": 2,
      "width": 12,
      "height": 12
    },
    {
      "name": "8-Bit_Remaster_World_sprite_0_3",
      "group": "auto",
      "row": 0,
      "col": 3,
      "width": 12,
      "height": 12
    },
    {
      "name": "8-Bit_Remaster_World_sprite_0_4",
      "group": "auto",
      "row": 0,
      "col": 4,
      "width": 12,
      "height": 12
    },
    {
      "name": "8-Bit_Remaster_World_sprite_0_5",
      "group": "auto",
      "row": 0,
      "col": 5,
      "width": 12,
      "height": 12
    },
    {
      "name": "8-Bit_Remaster_World_sprite_0_6",
      "group": "auto",
      "row": 0,
      "col": 6,
      "width": 12,
      "height": 12
    },
    {
      "name": "8-Bit_Remaster_World_sprite_0_7",
      "group": "auto",
      "row": 0,
      "col": 7,
      "width": 12,
      "height": 12
    },
    {
      "name": "8-Bit_Remaster_World_sprite_0_8",
      "group": "auto",
      "row": 0,
      "col": 8,
      "width": 12,
      "height": 12
    },
    {
      "name": "8-Bit_Remaster_World_sprite_0_9",
      "group": "auto",
      "row": 0,
      "col": 9,
      "width": 12,
      "height": 12
    },
    {
      "name": "8-Bit_Remaster_World_sprite_0_10",
      "group": "auto",
      "row": 0,
      "col": 10,
      "width": 12,
      "height": 12
    },
    {
      "name": "8-Bit_Remaster_World_sprite_0_11",
      "group": "auto",
      "row": 0,
      "col": 11,
      "width": 12,
      "height": 12
    },
    {
      "name": "8-Bit_Remaster_World_sprite_0_12",
      "group": "auto",
      "row": 0,
      "col": 12,
      "width": 12,
      "height": 12
    },
    {
      "name": "8-Bit_Remaster_World_sprite_0_13",
      "group": "auto",
      "row": 0,
      "col": 13,
      "width": 12,
      "height": 12
    },
    {
      "name": "8-Bit_Remaster_World_sprite_0_14",
      "group": "auto",
      "row": 0,
      "col": 14,
      "width": 12,
      "height": 12
    },
    {
      "name": "8-Bit_Remaster_World_sprite_0_15",
      "group": "auto",
      "row": 0,
      "col": 15,
      "width": 12,
      "height": 12
    },
    {
      "name": "8-Bit_Remaster_World_sprite_0_16",
      "group": "auto",
      "row": 0,
      "col": 16,
      "width": 12,
      "height": 12
    },
    {
      "name": "8-Bit_Remaster_World_sprite_0_17",
      "group": "auto",
      "row": 0,
      "col": 17,
      "width": 12,
      "height": 12
    },
    {
      "name": "8-Bit_Remaster_World_sprite_0_18",
      "group": "auto",
      "row": 0,
      "col": 18,
      "width": 12,
      "height": 12
    },
    {
      "name": "8-Bit_Remaster_World_sprite_0_19",
      "group": "auto",
      "row": 0,
      "col": 19,
      "width": 12,
      "height": 12
    },
    {
      "name": "8-Bit_Remaster_World_sprite_0_20",
      "group": "auto",
      "row": 0,
      "col": 20,
      "width": 12,
      "height": 12
    },
    {
      "name": "8-Bit_Remaster_World_sprite_0_21",
      "group": "auto",
      "row": 0,
      "col": 21,
      "width": 12,
      "height": 12
    },
    {
      "name": "8-Bit_Remaster_World_sprite_0_22",
      "group": "auto",
      "row": 0,
      "col": 22,
      "width": 12,
      "height": 12
    },
    {
      "name": "8-Bit_Remaster_World_sprite_1_0",
      "group": "auto",
      "row": 1,
      "col": 0,
      "width": 12,
      "height": 12
    },
    {
      "name": "8-Bit_Remaster_World_sprite_1_1",
      "group": "auto",
      "row": 1,
      "col": 1,
      "width": 12,
      "height": 12
    },
    {
      "name": "8-Bit_Remaster_World_sprite_1_2",
      "group": "auto",
      "row": 1,
      "col": 2,
      "width": 12,
      "height": 12
    },
    {
      "name": "8-Bit_Remaster_World_sprite_1_3",
      "group": "auto",
      "row": 1,
      "col": 3,
      "width": 12,
      "height": 12
    },
    {
      "name": "8-Bit_Remaster_World_sprite_1_4",
      "group": "auto",
      "row": 1,
      "col": 4,
      "width": 12,
      "height": 12
    },
    {
      "name": "8-Bit_Remaster_World_sprite_1_5",
      "group": "auto",
      "row": 1,
      "col": 5,
      "width": 12,
      "height": 12
    },
    {
      "name": "8-Bit_Remaster_World_sprite_1_6",
      "group": "auto",
      "row": 1,
      "col": 6,
      "width": 12,
      "height": 12
    },
    {
      "name": "8-Bit_Remaster_World_sprite_1_7",
      "group": "auto",
      "row": 1,
      "col": 7,
      "width": 12,
      "height": 12
    },
    {
      "name": "8-Bit_Remaster_World_sprite_1_8",
      "group": "auto",
      "row": 1,
      "col": 8,
      "width": 12,
      "height": 12
    },
    {
      "name": "8-Bit_Remaster_World_sprite_1_9",
      "group": "auto",
      "row": 1,
      "col": 9,
      "width": 12,
      "height": 12
    },
    {
      "name": "8-Bit_Remaster_World_sprite_1_10",
      "group": "auto",
      "row": 1,
      "col": 10,
      "width": 12,
      "height": 12
    },
    {
      "name": "8-Bit_Remaster_World_sprite_1_11",
      "group": "auto",
      "row": 1,
      "col": 11,
      "width": 12,
      "height": 12
    },
    {
      "name": "8-Bit_Remaster_World_sprite_1_12",
      "group": "auto",
      "row": 1,
      "col": 12,
      "width": 12,
      "height": 12
    },
    {
      "name": "8-Bit_Remaster_World_sprite_1_13",
      "group": "auto",
      "row": 1,
      "col": 13,
      "width": 12,
      "height": 12
    },
    {
      "name": "8-Bit_Remaster_World_sprite_1_14",
      "group": "auto",
      "row": 1,
      "col": 14,
      "width": 12,
      "height": 12
    },
    {
      "name": "8-Bit_Remaster_World_sprite_1_15",
      "group": "auto",
      "row": 1,
      "col": 15,
      "width": 12,
      "height": 12
    },
    {
      "name": "8-Bit_Remaster_World_sprite_1_16",
      "group": "auto",
      "row": 1,
      "col": 16,
      "width": 12,
      "height": 12
    },
    {
      "name": "8-Bit_Remaster_World_sprite_1_17",
      "group": "auto",
      "row": 1,
      "col": 17,
      "width": 12,
      "height": 12
    },
    {
      "name": "8-Bit_Remaster_World_sprite_1_18",
      "group": "auto",
      "row": 1,
      "col": 18,
      "width": 12,
      "height": 12
    },
    {
      "name": "8-Bit_Remaster_World_sprite_1_19",
      "group": "auto",
      "row": 1,
      "col": 19,
      "width": 12,
      "height": 12
    },
    {
      "name": "8-Bit_Remaster_World_sprite_1_20",
      "group": "auto",
      "row": 1,
      "col": 20,
      "width": 12,
      "height": 12
    },
    {
      "name": "8-Bit_Remaster_World_sprite_1_21",
      "group": "auto",
      "row": 1,
      "col": 21,
      "width": 12,
      "height": 12
    },
    {
      "name": "8-Bit_Remaster_World_sprite_1_22",
      "group": "auto",
      "row": 1,
      "col": 22,
      "width": 12,
      "height": 12
    },
    {
      "name": "8-Bit_Remaster_World_sprite_2_0",
      "group": "auto",
      "row": 2,
      "col": 0,
      "width": 12,
      "height": 12
    },
    {
      "name": "8-Bit_Remaster_World_sprite_2_1",
      "group": "auto",
      "row": 2,
      "col": 1,
      "width": 12,
      "height": 12
    },
    {
      "name": "8-Bit_Remaster_World_sprite_2_2",
      "group": "auto",
      "row": 2,
      "col": 2,
      "width": 12,
      "height": 12
    },
    {
      "name": "8-Bit_Remaster_World_sprite_2_3",
      "group": "auto",
      "row": 2,
      "col": 3,
      "width": 12,
      "height": 12
    },
    {
      "name": "8-Bit_Remaster_World_sprite_2_4",
      "group": "auto",
      "row": 2,
      "col": 4,
      "width": 12,
      "height": 12
    },
    {
      "name": "8-Bit_Remaster_World_sprite_2_5",
      "group": "auto",
      "row": 2,
      "col": 5,
      "width": 12,
      "height": 12
    },
    {
      "name": "8-Bit_Remaster_World_sprite_2_6",
      "group": "auto",
      "row": 2,
      "col": 6,
      "width": 12,
      "height": 12
    },
    {
      "name": "8-Bit_Remaster_World_sprite_2_7",
      "group": "auto",
      "row": 2,
      "col": 7,
      "width": 12,
      "height": 12
    },
    {
      "name": "8-Bit_Remaster_World_sprite_2_8",
      "group": "auto",
      "row": 2,
      "col": 8,
      "width": 12,
      "height": 12
    },
    {
      "name": "8-Bit_Remaster_World_sprite_2_9",
      "group": "auto",
      "row": 2,
      "col": 9,
      "width": 12,
      "height": 12
    },
    {
      "name": "8-Bit_Remaster_World_sprite_2_10",
      "group": "auto",
      "row": 2,
      "col": 10,
      "width": 12,
      "height": 12
    },
    {
      "name": "8-Bit_Remaster_World_sprite_2_11",
      "group": "auto",
      "row": 2,
      "col": 11,
      "width": 12,
      "height": 12
    },
    {
      "name": "8-Bit_Remaster_World_sprite_2_12",
      "group": "auto",
      "row": 2,
      "col": 12,
      "width": 12,
      "height": 12
    },
    {
      "name": "8-Bit_Remaster_World_sprite_2_13",
      "group": "auto",
      "row": 2,
      "col": 13,
      "width": 12,
      "height": 12
    },
    {
      "name": "8-Bit_Remaster_World_sprite_2_14",
      "group": "auto",
      "row": 2,
      "col": 14,
      "width": 12,
      "height": 12
    },
    {
      "name": "8-Bit_Remaster_World_sprite_2_15",
      "group": "auto",
      "row": 2,
      "col": 15,
      "width": 12,
      "height": 12
    },
    {
      "name": "8-Bit_Remaster_World_sprite_2_16",
      "group": "auto",
      "row": 2,
      "col": 16,
      "width": 12,
      "height": 12
    },
    {
      "name": "8-Bit_Remaster_World_sprite_2_17",
      "group": "auto",
      "row": 2,
      "col": 17,
      "width": 12,
      "height": 12
    },
    {
      "name": "8-Bit_Remaster_World_sprite_2_18",
      "group": "auto",
      "row": 2,
      "col": 18,
      "width": 12,
      "height": 12
    },
    {
      "name": "8-Bit_Remaster_World_sprite_2_19",
      "group": "auto",
      "row": 2,
      "col": 19,
      "width": 12,
      "height": 12
    },
    {
      "name": "8-Bit_Remaster_World_sprite_2_20",
      "group": "auto",
      "row": 2,
      "col": 20,
      "width": 12,
      "height": 12
    },
    {
      "name": "8-Bit_Remaster_World_sprite_2_21",
      "group": "auto",
      "row": 2,
      "col": 21,
      "width": 12,
      "height": 12
    },
    {
      "name": "8-Bit_Remaster_World_sprite_2_22",
      "group": "auto",
      "row": 2,
      "col": 22,
      "width": 12,
      "height": 12
    },
    {
      "name": "8-Bit_Remaster_World_sprite_3_0",
      "group": "auto",
      "row": 3,
      "col": 0,
      "width": 12,
      "height": 12
    },
    {
      "name": "8-Bit_Remaster_World_sprite_3_1",
      "group": "auto",
      "row": 3,
      "col": 1,
      "width": 12,
      "height": 12
    },
    {
      "name": "8-Bit_Remaster_World_sprite_3_2",
      "group": "auto",
      "row": 3,
      "col": 2,
      "width": 12,
      "height": 12
    },
    {
      "name": "8-Bit_Remaster_World_sprite_3_3",
      "group": "auto",
      "row": 3,
      "col": 3,
      "width": 12,
      "height": 12
    },
    {
      "name": "8-Bit_Remaster_World_sprite_3_4",
      "group": "auto",
      "row": 3,
      "col": 4,
      "width": 12,
      "height": 12
    },
    {
      "name": "8-Bit_Remaster_World_sprite_3_5",
      "group": "auto",
      "row": 3,
      "col": 5,
      "width": 12,
      "height": 12
    },
    {
      "name": "8-Bit_Remaster_World_sprite_3_6",
      "group": "auto",
      "row": 3,
      "col": 6,
      "width": 12,
      "height": 12
    },
    {
      "name": "8-Bit_Remaster_World_sprite_3_7",
      "group": "auto",
      "row": 3,
      "col": 7,
      "width": 12,
      "height": 12
    },
    {
      "name": "8-Bit_Remaster_World_sprite_3_8",
      "group": "auto",
      "row": 3,
      "col": 8,
      "width": 12,
      "height": 12
    },
    {
      "name": "8-Bit_Remaster_World_sprite_3_9",
      "group": "auto",
      "row": 3,
      "col": 9,
      "width": 12,
      "height": 12
    },
    {
      "name": "8-Bit_Remaster_World_sprite_3_10",
      "group": "auto",
      "row": 3,
      "col": 10,
      "width": 12,
      "height": 12
    },
    {
      "name": "8-Bit_Remaster_World_sprite_3_11",
      "group": "auto",
      "row": 3,
      "col": 11,
      "width": 12,
      "height": 12
    },
    {
      "name": "8-Bit_Remaster_World_sprite_3_12",
      "group": "auto",
      "row": 3,
      "col": 12,
      "width": 12,
      "height": 12
    },
    {
      "name": "8-Bit_Remaster_World_sprite_3_13",
      "group": "auto",
      "row": 3,
      "col": 13,
      "width": 12,
      "height": 12
    },
    {
      "name": "8-Bit_Remaster_World_sprite_3_14",
      "group": "auto",
      "row": 3,
      "col": 14,
      "width": 12,
      "height": 12
    },
    {
      "name": "8-Bit_Remaster_World_sprite_3_15",
      "group": "auto",
      "row": 3,
      "col": 15,
      "width": 12,
      "height": 12
    },
    {
      "name": "8-Bit_Remaster_World_sprite_3_16",
      "group": "auto",
      "row": 3,
      "col": 16,
      "width": 12,
      "height": 12
    },
    {
      "name": "8-Bit_Remaster_World_sprite_3_17",
      "group": "auto",
      "row": 3,
      "col": 17,
      "width": 12,
      "height": 12
    },
    {
      "name": "8-Bit_Remaster_World_sprite_3_18",
      "group": "auto",
      "row": 3,
      "col": 18,
      "width": 12,
      "height": 12
    },
    {
      "name": "8-Bit_Remaster_World_sprite_3_19",
      "group": "auto",
      "row": 3,
      "col": 19,
      "width": 12,
      "height": 12
    },
    {
      "name": "8-Bit_Remaster_World_sprite_3_20",
      "group": "auto",
      "row": 3,
      "col": 20,
      "width": 12,
      "height": 12
    },
    {
      "name": "8-Bit_Remaster_World_sprite_3_21",
      "group": "auto",
      "row": 3,
      "col": 21,
      "width": 12,
      "height": 12
    },
    {
      "name": "8-Bit_Remaster_World_sprite_3_22",
      "group": "auto",
      "row": 3,
      "col": 22,
      "width": 12,
      "height": 12
    },
    {
      "name": "8-Bit_Remaster_World_sprite_4_0",
      "group": "auto",
      "row": 4,
      "col": 0,
      "width": 12,
      "height": 12
    },
    {
      "name": "8-Bit_Remaster_World_sprite_4_1",
      "group": "auto",
      "row": 4,
      "col": 1,
      "width": 12,
      "height": 12
    },
    {
      "name": "8-Bit_Remaster_World_sprite_4_2",
      "group": "auto",
      "row": 4,
      "col": 2,
      "width": 12,
      "height": 12
    },
    {
      "name": "8-Bit_Remaster_World_sprite_4_3",
      "group": "auto",
      "row": 4,
      "col": 3,
      "width": 12,
      "height": 12
    },
    {
      "name": "8-Bit_Remaster_World_sprite_4_4",
      "group": "auto",
      "row": 4,
      "col": 4,
      "width": 12,
      "height": 12
    },
    {
      "name": "8-Bit_Remaster_World_sprite_4_5",
      "group": "auto",
      "row": 4,
      "col": 5,
      "width": 12,
      "height": 12
    },
    {
      "name": "8-Bit_Remaster_World_sprite_4_6",
      "group": "auto",
      "row": 4,
      "col": 6,
      "width": 12,
      "height": 12
    },
    {
      "name": "8-Bit_Remaster_World_sprite_4_7",
      "group": "auto",
      "row": 4,
      "col": 7,
      "width": 12,
      "height": 12
    },
    {
      "name": "8-Bit_Remaster_World_sprite_4_8",
      "group": "auto",
      "row": 4,
      "col": 8,
      "width": 12,
      "height": 12
    },
    {
      "name": "8-Bit_Remaster_World_sprite_4_9",
      "group": "auto",
      "row": 4,
      "col": 9,
      "width": 12,
      "height": 12
    },
    {
      "name": "8-Bit_Remaster_World_sprite_4_10",
      "group": "auto",
      "row": 4,
      "col": 10,
      "width": 12,
      "height": 12
    },
    {
      "name": "8-Bit_Remaster_World_sprite_4_11",
      "group": "auto",
      "row": 4,
      "col": 11,
      "width": 12,
      "height": 12
    },
    {
      "name": "8-Bit_Remaster_World_sprite_4_12",
      "group": "auto",
      "row": 4,
      "col": 12,
      "width": 12,
      "height": 12
    },
    {
      "name": "8-Bit_Remaster_World_sprite_4_13",
      "group": "auto",
      "row": 4,
      "col": 13,
      "width": 12,
      "height": 12
    },
    {
      "name": "8-Bit_Remaster_World_sprite_4_14",
      "group": "auto",
      "row": 4,
      "col": 14,
      "width": 12,
      "height": 12
    },
    {
      "name": "8-Bit_Remaster_World_sprite_4_15",
      "group": "auto",
      "row": 4,
      "col": 15,
      "width": 12,
      "height": 12
    },
    {
      "name": "8-Bit_Remaster_World_sprite_4_16",
      "group": "auto",
      "row": 4,
      "col": 16,
      "width": 12,
      "height": 12
    },
    {
      "name": "8-Bit_Remaster_World_sprite_4_17",
      "group": "auto",
      "row": 4,
      "col": 17,
      "width": 12,
      "height": 12
    },
    {
      "name": "8-Bit_Remaster_World_sprite_4_18",
      "group": "auto",
      "row": 4,
      "col": 18,
      "width": 12,
      "height": 12
    },
    {
      "name": "8-Bit_Remaster_World_sprite_4_19",
      "group": "auto",
      "row": 4,
      "col": 19,
      "width": 12,
      "height": 12
    },
    {
      "name": "8-Bit_Remaster_World_sprite_4_20",
      "group": "auto",
      "row": 4,
      "col": 20,
      "width": 12,
      "height": 12
    },
    {
      "name": "8-Bit_Remaster_World_sprite_4_21",
      "group": "auto",
      "row": 4,
      "col": 21,
      "width": 12,
      "height": 12
    },
    {
      "name": "8-Bit_Remaster_World_sprite_4_22",
      "group": "auto",
      "row": 4,
      "col": 22,
      "width": 12,
      "height": 12
    },
    {
      "name": "8-Bit_Remaster_World_sprite_5_0",
      "group": "auto",
      "row": 5,
      "col": 0,
      "width": 12,
      "height": 12
    },
    {
      "name": "8-Bit_Remaster_World_sprite_5_1",
      "group": "auto",
      "row": 5,
      "col": 1,
      "width": 12,
      "height": 12
    },
    {
      "name": "8-Bit_Remaster_World_sprite_5_2",
      "group": "auto",
      "row": 5,
      "col": 2,
      "width": 12,
      "height": 12
    },
    {
      "name": "8-Bit_Remaster_World_sprite_5_3",
      "group": "auto",
      "row": 5,
      "col": 3,
      "width": 12,
      "height": 12
    },
    {
      "name": "8-Bit_Remaster_World_sprite_5_4",
      "group": "auto",
      "row": 5,
      "col": 4,
      "width": 12,
      "height": 12
    },
    {
      "name": "8-Bit_Remaster_World_sprite_5_5",
      "group": "auto",
      "row": 5,
      "col": 5,
      "width": 12,
      "height": 12
    },
    {
      "name": "8-Bit_Remaster_World_sprite_5_6",
      "group": "auto",
      "row": 5,
      "col": 6,
      "width": 12,
      "height": 12
    },
    {
      "name": "8-Bit_Remaster_World_sprite_5_7",
      "group": "auto",
      "row": 5,
      "col": 7,
      "width": 12,
      "height": 12
    },
    {
      "name": "8-Bit_Remaster_World_sprite_5_8",
      "group": "auto",
      "row": 5,
      "col": 8,
      "width": 12,
      "height": 12
    },
    {
      "name": "8-Bit_Remaster_World_sprite_5_9",
      "group": "auto",
      "row": 5,
      "col": 9,
      "width": 12,
      "height": 12
    },
    {
      "name": "8-Bit_Remaster_World_sprite_5_10",
      "group": "auto",
      "row": 5,
      "col": 10,
      "width": 12,
      "height": 12
    },
    {
      "name": "8-Bit_Remaster_World_sprite_5_11",
      "group": "auto",
      "row": 5,
      "col": 11,
      "width": 12,
      "height": 12
    },
    {
      "name": "8-Bit_Remaster_World_sprite_5_12",
      "group": "auto",
      "row": 5,
      "col": 12,
      "width": 12,
      "height": 12
    },
    {
      "name": "8-Bit_Remaster_World_sprite_5_13",
      "group": "auto",
      "row": 5,
      "col": 13,
      "width": 12,
      "height": 12
    },
    {
      "name": "8-Bit_Remaster_World_sprite_5_14",
      "group": "auto",
      "row": 5,
      "col": 14,
      "width": 12,
      "height": 12
    },
    {
      "name": "8-Bit_Remaster_World_sprite_5_15",
      "group": "auto",
      "row": 5,
      "col": 15,
      "width": 12,
      "height": 12
    },
    {
      "name": "8-Bit_Remaster_World_sprite_5_16",
      "group": "auto",
      "row": 5,
      "col": 16,
      "width": 12,
      "height": 12
    },
    {
      "name": "8-Bit_Remaster_World_sprite_5_17",
      "group": "auto",
      "row": 5,
      "col": 17,
      "width": 12,
      "height": 12
    },
    {
      "name": "8-Bit_Remaster_World_sprite_5_18",
      "group": "auto",
      "row": 5,
      "col": 18,
      "width": 12,
      "height": 12
    },
    {
      "name": "8-Bit_Remaster_World_sprite_5_19",
      "group": "auto",
      "row": 5,
      "col": 19,
      "width": 12,
      "height": 12
    },
    {
      "name": "8-Bit_Remaster_World_sprite_5_20",
      "group": "auto",
      "row": 5,
      "col": 20,
      "width": 12,
      "height": 12
    },
    {
      "name": "8-Bit_Remaster_World_sprite_5_21",
      "group": "auto",
      "row": 5,
      "col": 21,
      "width": 12,
      "height": 12
    },
    {
      "name": "8-Bit_Remaster_World_sprite_5_22",
      "group": "auto",
      "row": 5,
      "col": 22,
      "width": 12,
      "height": 12
    },
    {
      "name": "8-Bit_Remaster_World_sprite_6_0",
      "group": "auto",
      "row": 6,
      "col": 0,
      "width": 12,
      "height": 12
    },
    {
      "name": "8-Bit_Remaster_World_sprite_6_1",
      "group": "auto",
      "row": 6,
      "col": 1,
      "width": 12,
      "height": 12
    },
    {
      "name": "8-Bit_Remaster_World_sprite_6_2",
      "group": "auto",
      "row": 6,
      "col": 2,
      "width": 12,
      "height": 12
    },
    {
      "name": "8-Bit_Remaster_World_sprite_6_3",
      "group": "auto",
      "row": 6,
      "col": 3,
      "width": 12,
      "height": 12
    },
    {
      "name": "8-Bit_Remaster_World_sprite_6_4",
      "group": "auto",
      "row": 6,
      "col": 4,
      "width": 12,
      "height": 12
    },
    {
      "name": "8-Bit_Remaster_World_sprite_6_5",
      "group": "auto",
      "row": 6,
      "col": 5,
      "width": 12,
      "height": 12
    },
    {
      "name": "8-Bit_Remaster_World_sprite_6_6",
      "group": "auto",
      "row": 6,
      "col": 6,
      "width": 12,
      "height": 12
    },
    {
      "name": "8-Bit_Remaster_World_sprite_6_7",
      "group": "auto",
      "row": 6,
      "col": 7,
      "width": 12,
      "height": 12
    },
    {
      "name": "8-Bit_Remaster_World_sprite_6_8",
      "group": "auto",
      "row": 6,
      "col": 8,
      "width": 12,
      "height": 12
    },
    {
      "name": "8-Bit_Remaster_World_sprite_6_9",
      "group": "auto",
      "row": 6,
      "col": 9,
      "width": 12,
      "height": 12
    },
    {
      "name": "8-Bit_Remaster_World_sprite_6_10",
      "group": "auto",
      "row": 6,
      "col": 10,
      "width": 12,
      "height": 12
    },
    {
      "name": "8-Bit_Remaster_World_sprite_6_11",
      "group": "auto",
      "row": 6,
      "col": 11,
      "width": 12,
      "height": 12
    },
    {
      "name": "8-Bit_Remaster_World_sprite_6_12",
      "group": "auto",
      "row": 6,
      "col": 12,
      "width": 12,
      "height": 12
    },
    {
      "name": "8-Bit_Remaster_World_sprite_6_13",
      "group": "auto",
      "row": 6,
      "col": 13,
      "width": 12,
      "height": 12
    },
    {
      "name": "8-Bit_Remaster_World_sprite_6_14",
      "group": "auto",
      "row": 6,
      "col": 14,
      "width": 12,
      "height": 12
    },
    {
      "name": "8-Bit_Remaster_World_sprite_6_15",
      "group": "auto",
      "row": 6,
      "col": 15,
      "width": 12,
      "height": 12
    },
    {
      "name": "8-Bit_Remaster_World_sprite_6_16",
      "group": "auto",
      "row": 6,
      "col": 16,
      "width": 12,
      "height": 12
    },
    {
      "name": "8-Bit_Remaster_World_sprite_6_17",
      "group": "auto",
      "row": 6,
      "col": 17,
      "width": 12,
      "height": 12
    },
    {
      "name": "8-Bit_Remaster_World_sprite_6_18",
      "group": "auto",
      "row": 6,
      "col": 18,
      "width": 12,
      "height": 12
    },
    {
      "name": "8-Bit_Remaster_World_sprite_6_19",
      "group": "auto",
      "row": 6,
      "col": 19,
      "width": 12,
      "height": 12
    },
    {
      "name": "8-Bit_Remaster_World_sprite_6_20",
      "group": "auto",
      "row": 6,
      "col": 20,
      "width": 12,
      "height": 12
    },
    {
      "name": "8-Bit_Remaster_World_sprite_6_21",
      "group": "auto",
      "row": 6,
      "col": 21,
      "width": 12,
      "height": 12
    },
    {
      "name": "8-Bit_Remaster_World_sprite_6_22",
      "group": "auto",
      "row": 6,
      "col": 22,
      "width": 12,
      "height": 12
    },
    {
      "name": "8-Bit_Remaster_World_sprite_7_0",
      "group": "auto",
      "row": 7,
      "col": 0,
      "width": 12,
      "height": 12
    },
    {
      "name": "8-Bit_Remaster_World_sprite_7_1",
      "group": "auto",
      "row": 7,
      "col": 1,
      "width": 12,
      "height": 12
    },
    {
      "name": "8-Bit_Remaster_World_sprite_7_2",
      "group": "auto",
      "row": 7,
      "col": 2,
      "width": 12,
      "height": 12
    },
    {
      "name": "8-Bit_Remaster_World_sprite_7_3",
      "group": "auto",
      "row": 7,
      "col": 3,
      "width": 12,
      "height": 12
    },
    {
      "name": "8-Bit_Remaster_World_sprite_7_4",
      "group": "auto",
      "row": 7,
      "col": 4,
      "width": 12,
      "height": 12
    },
    {
      "name": "8-Bit_Remaster_World_sprite_7_5",
      "group": "auto",
      "row": 7,
      "col": 5,
      "width": 12,
      "height": 12
    },
    {
      "name": "8-Bit_Remaster_World_sprite_7_6",
      "group": "auto",
      "row": 7,
      "col": 6,
      "width": 12,
      "height": 12
    },
    {
      "name": "8-Bit_Remaster_World_sprite_7_7",
      "group": "auto",
      "row": 7,
      "col": 7,
      "width": 12,
      "height": 12
    },
    {
      "name": "8-Bit_Remaster_World_sprite_7_8",
      "group": "auto",
      "row": 7,
      "col": 8,
      "width": 12,
      "height": 12
    },
    {
      "name": "8-Bit_Remaster_World_sprite_7_9",
      "group": "auto",
      "row": 7,
      "col": 9,
      "width": 12,
      "height": 12
    },
    {
      "name": "8-Bit_Remaster_World_sprite_7_10",
      "group": "auto",
      "row": 7,
      "col": 10,
      "width": 12,
      "height": 12
    },
    {
      "name": "8-Bit_Remaster_World_sprite_7_11",
      "group": "auto",
      "row": 7,
      "col": 11,
      "width": 12,
      "height": 12
    },
    {
      "name": "8-Bit_Remaster_World_sprite_7_12",
      "group": "auto",
      "row": 7,
      "col": 12,
      "width": 12,
      "height": 12
    },
    {
      "name": "8-Bit_Remaster_World_sprite_7_13",
      "group": "auto",
      "row": 7,
      "col": 13,
      "width": 12,
      "height": 12
    },
    {
      "name": "8-Bit_Remaster_World_sprite_7_14",
      "group": "auto",
      "row": 7,
      "col": 14,
      "width": 12,
      "height": 12
    },
    {
      "name": "8-Bit_Remaster_World_sprite_7_15",
      "group": "auto",
      "row": 7,
      "col": 15,
      "width": 12,
      "height": 12
    },
    {
      "name": "8-Bit_Remaster_World_sprite_7_16",
      "group": "auto",
      "row": 7,
      "col": 16,
      "width": 12,
      "height": 12
    },
    {
      "name": "8-Bit_Remaster_World_sprite_7_17",
      "group": "auto",
      "row": 7,
      "col": 17,
      "width": 12,
      "height": 12
    },
    {
      "name": "8-Bit_Remaster_World_sprite_7_18",
      "group": "auto",
      "row": 7,
      "col": 18,
      "width": 12,
      "height": 12
    },
    {
      "name": "8-Bit_Remaster_World_sprite_7_19",
      "group": "auto",
      "row": 7,
      "col": 19,
      "width": 12,
      "height": 12
    },
    {
      "name": "8-Bit_Remaster_World_sprite_7_20",
      "group": "auto",
      "row": 7,
      "col": 20,
      "width": 12,
      "height": 12
    },
    {
      "name": "8-Bit_Remaster_World_sprite_7_21",
      "group": "auto",
      "row": 7,
      "col": 21,
      "width": 12,
      "height": 12
    },
    {
      "name": "8-Bit_Remaster_World_sprite_7_22",
      "group": "auto",
      "row": 7,
      "col": 22,
      "width": 12,
      "height": 12
    },
    {
      "name": "8-Bit_Remaster_World_sprite_8_0",
      "group": "auto",
      "row": 8,
      "col": 0,
      "width": 12,
      "height": 12
    },
    {
      "name": "8-Bit_Remaster_World_sprite_8_1",
      "group": "auto",
      "row": 8,
      "col": 1,
      "width": 12,
      "height": 12
    },
    {
      "name": "8-Bit_Remaster_World_sprite_8_2",
      "group": "auto",
      "row": 8,
      "col": 2,
      "width": 12,
      "height": 12
    },
    {
      "name": "8-Bit_Remaster_World_sprite_8_3",
      "group": "auto",
      "row": 8,
      "col": 3,
      "width": 12,
      "height": 12
    },
    {
      "name": "8-Bit_Remaster_World_sprite_8_4",
      "group": "auto",
      "row": 8,
      "col": 4,
      "width": 12,
      "height": 12
    },
    {
      "name": "8-Bit_Remaster_World_sprite_8_5",
      "group": "auto",
      "row": 8,
      "col": 5,
      "width": 12,
      "height": 12
    },
    {
      "name": "8-Bit_Remaster_World_sprite_8_6",
      "group": "auto",
      "row": 8,
      "col": 6,
      "width": 12,
      "height": 12
    },
    {
      "name": "8-Bit_Remaster_World_sprite_8_7",
      "group": "auto",
      "row": 8,
      "col": 7,
      "width": 12,
      "height": 12
    },
    {
      "name": "8-Bit_Remaster_World_sprite_8_8",
      "group": "auto",
      "row": 8,
      "col": 8,
      "width": 12,
      "height": 12
    },
    {
      "name": "8-Bit_Remaster_World_sprite_8_9",
      "group": "auto",
      "row": 8,
      "col": 9,
      "width": 12,
      "height": 12
    },
    {
      "name": "8-Bit_Remaster_World_sprite_8_10",
      "group": "auto",
      "row": 8,
      "col": 10,
      "width": 12,
      "height": 12
    },
    {
      "name": "8-Bit_Remaster_World_sprite_8_11",
      "group": "auto",
      "row": 8,
      "col": 11,
      "width": 12,
      "height": 12
    },
    {
      "name": "8-Bit_Remaster_World_sprite_8_12",
      "group": "auto",
      "row": 8,
      "col": 12,
      "width": 12,
      "height": 12
    },
    {
      "name": "8-Bit_Remaster_World_sprite_8_13",
      "group": "auto",
      "row": 8,
      "col": 13,
      "width": 12,
      "height": 12
    },
    {
      "name": "8-Bit_Remaster_World_sprite_8_14",
      "group": "auto",
      "row": 8,
      "col": 14,
      "width": 12,
      "height": 12
    },
    {
      "name": "8-Bit_Remaster_World_sprite_8_15",
      "group": "auto",
      "row": 8,
      "col": 15,
      "width": 12,
      "height": 12
    },
    {
      "name": "8-Bit_Remaster_World_sprite_8_16",
      "group": "auto",
      "row": 8,
      "col": 16,
      "width": 12,
      "height": 12
    },
    {
      "name": "8-Bit_Remaster_World_sprite_8_17",
      "group": "auto",
      "row": 8,
      "col": 17,
      "width": 12,
      "height": 12
    },
    {
      "name": "8-Bit_Remaster_World_sprite_8_18",
      "group": "auto",
      "row": 8,
      "col": 18,
      "width": 12,
      "height": 12
    },
    {
      "name": "8-Bit_Remaster_World_sprite_8_19",
      "group": "auto",
      "row": 8,
      "col": 19,
      "width": 12,
      "height": 12
    },
    {
      "name": "8-Bit_Remaster_World_sprite_8_20",
      "group": "auto",
      "row": 8,
      "col": 20,
      "width": 12,
      "height": 12
    },
    {
      "name": "8-Bit_Remaster_World_sprite_8_21",
      "group": "auto",
      "row": 8,
      "col": 21,
      "width": 12,
      "height": 12
    },
    {
      "name": "8-Bit_Remaster_World_sprite_8_22",
      "group": "auto",
      "row": 8,
      "col": 22,
      "width": 12,
      "height": 12
    },
    {
      "name": "8-Bit_Remaster_World_sprite_9_0",
      "group": "auto",
      "row": 9,
      "col": 0,
      "width": 12,
      "height": 12
    },
    {
      "name": "8-Bit_Remaster_World_sprite_9_1",
      "group": "auto",
      "row": 9,
      "col": 1,
      "width": 12,
      "height": 12
    },
    {
      "name": "8-Bit_Remaster_World_sprite_9_2",
      "group": "auto",
      "row": 9,
      "col": 2,
      "width": 12,
      "height": 12
    },
    {
      "name": "8-Bit_Remaster_World_sprite_9_3",
      "group": "auto",
      "row": 9,
      "col": 3,
      "width": 12,
      "height": 12
    },
    {
      "name": "8-Bit_Remaster_World_sprite_9_4",
      "group": "auto",
      "row": 9,
      "col": 4,
      "width": 12,
      "height": 12
    },
    {
      "name": "8-Bit_Remaster_World_sprite_9_5",
      "group": "auto",
      "row": 9,
      "col": 5,
      "width": 12,
      "height": 12
    },
    {
      "name": "8-Bit_Remaster_World_sprite_9_6",
      "group": "auto",
      "row": 9,
      "col": 6,
      "width": 12,
      "height": 12
    },
    {
      "name": "8-Bit_Remaster_World_sprite_9_7",
      "group": "auto",
      "row": 9,
      "col": 7,
      "width": 12,
      "height": 12
    },
    {
      "name": "8-Bit_Remaster_World_sprite_9_8",
      "group": "auto",
      "row": 9,
      "col": 8,
      "width": 12,
      "height": 12
    },
    {
      "name": "8-Bit_Remaster_World_sprite_9_9",
      "group": "auto",
      "row": 9,
      "col": 9,
      "width": 12,
      "height": 12
    },
    {
      "name": "8-Bit_Remaster_World_sprite_9_10",
      "group": "auto",
      "row": 9,
      "col": 10,
      "width": 12,
      "height": 12
    },
    {
      "name": "8-Bit_Remaster_World_sprite_9_11",
      "group": "auto",
      "row": 9,
      "col": 11,
      "width": 12,
      "height": 12
    },
    {
      "name": "8-Bit_Remaster_World_sprite_9_12",
      "group": "auto",
      "row": 9,
      "col": 12,
      "width": 12,
      "height": 12
    },
    {
      "name": "8-Bit_Remaster_World_sprite_9_13",
      "group": "auto",
      "row": 9,
      "col": 13,
      "width": 12,
      "height": 12
    },
    {
      "name": "8-Bit_Remaster_World_sprite_9_14",
      "group": "auto",
      "row": 9,
      "col": 14,
      "width": 12,
      "height": 12
    },
    {
      "name": "8-Bit_Remaster_World_sprite_9_15",
      "group": "auto",
      "row": 9,
      "col": 15,
      "width": 12,
      "height": 12
    },
    {
      "name": "8-Bit_Remaster_World_sprite_9_16",
      "group": "auto",
      "row": 9,
      "col": 16,
      "width": 12,
      "height": 12
    },
    {
      "name": "8-Bit_Remaster_World_sprite_9_17",
      "group": "auto",
      "row": 9,
      "col": 17,
      "width": 12,
      "height": 12
    },
    {
      "name": "8-Bit_Remaster_World_sprite_9_18",
      "group": "auto",
      "row": 9,
      "col": 18,
      "width": 12,
      "height": 12
    },
    {
      "name": "8-Bit_Remaster_World_sprite_9_19",
      "group": "auto",
      "row": 9,
      "col": 19,
      "width": 12,
      "height": 12
    },
    {
      "name": "8-Bit_Remaster_World_sprite_9_20",
      "group": "auto",
      "row": 9,
      "col": 20,
      "width": 12,
      "height": 12
    },
    {
      "name": "8-Bit_Remaster_World_sprite_9_21",
      "group": "auto",
      "row": 9,
      "col": 21,
      "width": 12,
      "height": 12
    },
    {
      "name": "8-Bit_Remaster_World_sprite_9_22",
      "group": "auto",
      "row": 9,
      "col": 22,
      "width": 12,
      "height": 12
    },
    {
      "name": "8-Bit_Remaster_World_sprite_10_0",
      "group": "auto",
      "row": 10,
      "col": 0,
      "width": 12,
      "height": 12
    },
    {
      "name": "8-Bit_Remaster_World_sprite_10_1",
      "group": "auto",
      "row": 10,
      "col": 1,
      "width": 12,
      "height": 12
    },
    {
      "name": "8-Bit_Remaster_World_sprite_10_2",
      "group": "auto",
      "row": 10,
      "col": 2,
      "width": 12,
      "height": 12
    },
    {
      "name": "8-Bit_Remaster_World_sprite_10_3",
      "group": "auto",
      "row": 10,
      "col": 3,
      "width": 12,
      "height": 12
    },
    {
      "name": "8-Bit_Remaster_World_sprite_10_4",
      "group": "auto",
      "row": 10,
      "col": 4,
      "width": 12,
      "height": 12
    },
    {
      "name": "8-Bit_Remaster_World_sprite_10_5",
      "group": "auto",
      "row": 10,
      "col": 5,
      "width": 12,
      "height": 12
    },
    {
      "name": "8-Bit_Remaster_World_sprite_10_6",
      "group": "auto",
      "row": 10,
      "col": 6,
      "width": 12,
      "height": 12
    },
    {
      "name": "8-Bit_Remaster_World_sprite_10_7",
      "group": "auto",
      "row": 10,
      "col": 7,
      "width": 12,
      "height": 12
    },
    {
      "name": "8-Bit_Remaster_World_sprite_10_8",
      "group": "auto",
      "row": 10,
      "col": 8,
      "width": 12,
      "height": 12
    },
    {
      "name": "8-Bit_Remaster_World_sprite_10_9",
      "group": "auto",
      "row": 10,
      "col": 9,
      "width": 12,
      "height": 12
    },
    {
      "name": "8-Bit_Remaster_World_sprite_10_10",
      "group": "auto",
      "row": 10,
      "col": 10,
      "width": 12,
      "height": 12
    },
    {
      "name": "8-Bit_Remaster_World_sprite_10_11",
      "group": "auto",
      "row": 10,
      "col": 11,
      "width": 12,
      "height": 12
    },
    {
      "name": "8-Bit_Remaster_World_sprite_10_12",
      "group": "auto",
      "row": 10,
      "col": 12,
      "width": 12,
      "height": 12
    },
    {
      "name": "8-Bit_Remaster_World_sprite_10_13",
      "group": "auto",
      "row": 10,
      "col": 13,
      "width": 12,
      "height": 12
    },
    {
      "name": "8-Bit_Remaster_World_sprite_10_14",
      "group": "auto",
      "row": 10,
      "col": 14,
      "width": 12,
      "height": 12
    },
    {
      "name": "8-Bit_Remaster_World_sprite_10_15",
      "group": "auto",
      "row": 10,
      "col": 15,
      "width": 12,
      "height": 12
    },
    {
      "name": "8-Bit_Remaster_World_sprite_10_16",
      "group": "auto",
      "row": 10,
      "col": 16,
      "width": 12,
      "height": 12
    },
    {
      "name": "8-Bit_Remaster_World_sprite_10_17",
      "group": "auto",
      "row": 10,
      "col": 17,
      "width": 12,
      "height": 12
    },
    {
      "name": "8-Bit_Remaster_World_sprite_10_18",
      "group": "auto",
      "row": 10,
      "col": 18,
      "width": 12,
      "height": 12
    },
    {
      "name": "8-Bit_Remaster_World_sprite_10_19",
      "group": "auto",
      "row": 10,
      "col": 19,
      "width": 12,
      "height": 12
    },
    {
      "name": "8-Bit_Remaster_World_sprite_10_20",
      "group": "auto",
      "row": 10,
      "col": 20,
      "width": 12,
      "height": 12
    },
    {
      "name": "8-Bit_Remaster_World_sprite_10_21",
      "group": "auto",
      "row": 10,
      "col": 21,
      "width": 12,
      "height": 12
    },
    {
      "name": "8-Bit_Remaster_World_sprite_10_22",
      "group": "auto",
      "row": 10,
      "col": 22,
      "width": 12,
      "height": 12
    }
  ],
  "defaultSpriteWidth": 12,
  "defaultSpriteHeight": 12,
  "path": "assets/images/Oryx/8-Bit_Remaster_World.png",
  "name": "8-Bit_Remaster_World"
}