[
  {
    "id": "goblin",
    "name": "Goblin",
    "sprite": "goblin",
    "hp": 30,
    "speed": 15,
    "width": 1,
    "height": 1,
    "renderScale": 2,
    "attack": {
      "bulletId": "goblin_dart",
      "cooldown": 2500,
      "speed": 25,
      "lifetime": 2000,
      "count": 1,
      "spread": 0
    },
    "ai": { "behaviorTree": "BasicChaseAndShoot" }
  },
  {
    "id": "orc",
    "name": "Orc",
    "sprite": "orc",
    "hp": 50,
    "speed": 12,
    "width": 1,
    "height": 1,
    "renderScale": 2,
    "attack": {
      "bulletId": "orc_arrow",
      "cooldown": 2000,
      "speed": 30,
      "lifetime": 2500,
      "count": 1,
      "spread": 0
    },
    "ai": { "behaviorTree": "BasicChaseAndShoot" }
  },
  {
    "id": "red_demon_bullet",
    "sprite": "red_demon_fire",
    "speed": 12,
    "lifetime": 1500
  },
  {
    "id": "red_demon",
    "name": "Red Demon",
    "sprite": "red_demon",
    "hp": 350,
    "speed": 6,
    "width": 1,
    "height": 1,
    "renderScale": 2,
    "attack": {
      "bulletId": "red_demon_bullet",
      "cooldown": 800,
      "speed": 12,
      "lifetime": 2000,
      "count": 5,
      "spread": 45,
      "inaccuracy": 5
    },
    "ai": { "behaviorTree": "RedDemonBT" }
  },
  {
    "id": "hyper_demon",
    "name": "Hyper Demon",
    "sprite": "red_demon",
    "hp": 50000,
    "speed": 0,
    "width": 1,
    "height": 1,
    "renderScale": 2,
    "attack": {
      "bulletId": "red_demon_bullet",
      "cooldown": 1500,
      "speed": 14,
      "lifetime": 2500,
      "count": 8,
      "spread": 45
    },
    "ai": { "behaviorTree": "StaticBoss" }
  }
] 