{
    "heavy_infantry": {
      "category": "infantry",
      "soldiers": 120,
      "healthPerSoldier": 120,
      "armor": 70,
      "speed": 3.0,
      "acceleration": 1.8,
      "massPerSoldier": 95,
      "meleeDamage": 24,
      "meleeRate": 1.5,
      "chargeBonus": 0.10,
      "reach": 1.2,
      "projectileDamage": 0,
      "range": 0,
      "reload": 0,
      "baseMorale": 85,
      "stability": 90,
      "discipline": 0.8
    },
  
    "light_infantry": {
      "category": "infantry",
      "soldiers": 120,
      "healthPerSoldier": 90,
      "armor": 35,
      "speed": 3.6,
      "acceleration": 2.0,
      "massPerSoldier": 80,
      "meleeDamage": 16,
      "meleeRate": 1.3,
      "chargeBonus": 0.05,
      "reach": 1.1,
      "projectileDamage": 0,
      "range": 0,
      "reload": 0,
      "baseMorale": 60,
      "stability": 55,
      "discipline": 0.6
    },
  
    "heavy_cavalry": {
      "category": "cavalry",
      "soldiers": 80,
      "healthPerSoldier": 100,
      "armor": 60,
      "speed": 6.0,
      "acceleration": 3.5,
      "massPerSoldier": 230,
      "meleeDamage": 26,
      "meleeRate": 1.3,
      "chargeBonus": 0.45,
      "reach": 1.0,
      "projectileDamage": 0,
      "range": 0,
      "reload": 0,
      "baseMorale": 75,
      "stability": 55,
      "discipline": 0.6
    },
  
    "light_cavalry": {
      "category": "cavalry",
      "soldiers": 90,
      "healthPerSoldier": 85,
      "armor": 30,
      "speed": 7.2,
      "acceleration": 4.2,
      "massPerSoldier": 210,
      "meleeDamage": 18,
      "meleeRate": 1.4,
      "chargeBonus": 0.25,
      "reach": 1.0,
      "projectileDamage": 0,
      "range": 0,
      "reload": 0,
      "baseMorale": 55,
      "stability": 40,
      "discipline": 0.5
    },
  
    "archer": {
      "category": "archer",
      "soldiers": 100,
      "healthPerSoldier": 60,
      "armor": 20,
      "speed": 3.5,
      "acceleration": 2.2,
      "massPerSoldier": 75,
      "meleeDamage": 8,
      "meleeRate": 1.6,
      "chargeBonus": 0.00,
      "reach": 1.0,
      "projectileDamage": 16,
      "range": 45,
      "reload": 2.4,
      "baseMorale": 55,
      "stability": 40,
      "discipline": 0.4
    },
  
    "crossbowman": {
      "category": "archer",
      "soldiers": 90,
      "healthPerSoldier": 65,
      "armor": 25,
      "speed": 3.2,
      "acceleration": 2.0,
      "massPerSoldier": 78,
      "meleeDamage": 10,
      "meleeRate": 1.7,
      "chargeBonus": 0.00,
      "reach": 1.0,
      "projectileDamage": 22,
      "range": 55,
      "reload": 3.2,
      "baseMorale": 60,
      "stability": 45,
      "discipline": 0.45
    }
  }
  