{
  "$id": "Emitter:ProjectileSpread@1.0.0",
  "title": "Emitter:ProjectileSpread",
  "type": "object",
  "required": ["type"],
  "properties": {
    "type": { "const": "Emitter:ProjectileSpread@1.0.0" },
    "count": { "type": "integer", "minimum": 1, "maximum": 360, "default": 8 },
    "arc": { "type": "number", "minimum": 0, "maximum": 360, "default": 360 },
    "initialAngle": { "type": "number", "minimum": 0, "maximum": 360, "default": 0 },
    "speed": { "type": "number", "minimum": 0.1, "maximum": 100, "default": 8 },
    "acceleration": { "type": "number", "minimum": 0, "maximum": 50, "default": 0 },
    "damage": { "type": "number", "minimum": 0, "maximum": 500, "default": 10 },
    "width": { "type": "number", "minimum": 0.1, "maximum": 10, "default": 0.6 },
    "height": { "type": "number", "minimum": 0.1, "maximum": 10, "default": 0.6 }
  },
  "additionalProperties": false
} 